Dying Light 2,3.8,32.5GB,$59.99
Grand Theft Auto 5 Premium Ed,4.4,86GB,$29.99
Sons of the Forest,2.5,80GB,$59.99
Forza Horizon 5,4.4,103GB,$59.99
League of Legends,4.6,8.2GB,$0
Call of Duty Warzone,3.4,131GB,$0
Call of Duty WWII Gold Ed,4.4,90GB,$19.79
Grand Theft Auto 4,4.5,22GB,$6.99
Grand Theft Auto 5,4.5,86.83GB,$39.99
God of War, 4.7,70GB,$49.99
Farming Simulator 22,3.7,35GB,$59.99
Call of Duty Black Ops 2,4.7,13GB,$59.99
NBA 2k22 Mamba Ed,3.4,131GB,$69.99
Left 4 Dead 2,4.5,13GB,$9.99
Pokemon Legends Arceus,3.5,6GB,$59.99
Call of Duty Vanguard,3.8,175GB,$79.99
Apex Legends,2.4,75GB,$29.99
Mario Kart,5.0,3GB,$30.00
Cut the Rope,5.0,5GB,$0.99
NBA 2K22,2.9,99GB,$59.99
Red Dead Redemption 2,4.8,150GB,$59.99
Madden 22,1.9,45GB,$14.99
Grand Theft Auto 5 Digital Ed,3.4,131GB,$69.99
Modern Flame War 3,4.7,67GB,$59.99
Rocket League,4.6,7GB,$0
Fortnite, 3.4,131GB,$0
Destiny 2,3.7,145GB,$79.99
Borderlands 3,8.7,55.8GB,$59.99
Halo Master Chief Collection,4.5,99GB,$39.99
Elden Ring,5.0,44.47GB,$59.99
Angry Birds,4.5,3GB,$0
Don't Starve Together,3.3,1.3GB,$14.99
It Takes Two,5,50GB,$39.99
Minecraft,4.7,1GB,$20.00
Mario Party 4,5.0,7GB,$59.99
